episode,episode_reward,avg_reward,epsilon,sim_seconds,total_departed,avg_departed_per_sec,switch_count,average_queue,average_wait,average_imbalance,cumulative_queue,cumulative_wait,final_total_queue,final_total_wait
0,-10409.62,-34.6987,0.9984,7200,8597,1.1940,201,6.0894,32.8454,5.1572,43844.00,236487.00,12,81
1,-10322.04,-34.4068,0.9968,7200,8617,1.1968,200,6.0501,32.5751,5.1001,43561.00,234541.00,7,34
2,-10230.62,-34.1021,0.9952,7200,8600,1.1944,212,5.9922,32.2761,5.0636,43144.00,232388.00,12,73
3,-10454.80,-34.8493,0.9937,7200,8667,1.2038,199,6.1542,32.9833,5.1903,44310.00,237480.00,14,80
4,-10355.75,-34.5192,0.9921,7200,8583,1.1921,209,6.0572,32.6704,5.1217,43612.00,235227.00,13,99
5,-10155.41,-33.8514,0.9905,7200,8545,1.1868,222,5.9682,32.0181,5.0554,42971.00,230530.00,8,85
6,-10223.01,-34.0767,0.9889,7200,8521,1.1835,199,5.9846,32.2606,5.0599,43089.00,232276.00,11,80
7,-10190.45,-33.9682,0.9873,7200,8659,1.2026,207,5.9949,32.1504,5.0654,43163.00,231483.00,8,55
8,-10211.69,-34.0390,0.9858,7200,8536,1.1856,208,5.9711,32.2201,5.0469,42992.00,231985.00,12,79
9,-10269.13,-34.2304,0.9842,7200,8608,1.1956,212,6.0443,32.3888,5.0929,43519.00,233199.00,15,144
10,-10346.92,-34.4897,0.9826,7200,8669,1.2040,183,6.0585,32.6724,5.1235,43621.00,235241.00,11,92
11,-10013.43,-33.3781,0.9810,7200,8534,1.1853,183,5.9408,31.5857,5.0694,42774.00,227417.00,7,46
12,-10186.71,-33.9557,0.9794,7200,8541,1.1863,205,5.9735,32.1392,5.0499,43009.00,231402.00,15,85
13,-10630.72,-35.4357,0.9778,7200,8603,1.1949,191,6.2006,33.5622,5.1992,44644.00,241648.00,11,74
14,-10511.85,-35.0395,0.9762,7200,8573,1.1907,200,6.1174,33.1807,5.1535,44045.00,238901.00,9,53
15,-10184.28,-33.9476,0.9747,7200,8503,1.1810,200,5.9353,32.1487,5.0114,42734.00,231471.00,5,33
16,-10194.55,-33.9818,0.9731,7200,8513,1.1824,219,5.9649,32.1587,5.0115,42947.00,231543.00,13,83
17,-10346.15,-34.4872,0.9715,7200,8643,1.2004,200,6.0604,32.6463,5.1451,43635.00,235053.00,8,57
18,-10519.80,-35.0660,0.9699,7200,8695,1.2076,211,6.1347,33.2008,5.1553,44170.00,239046.00,12,80
19,-10422.11,-34.7404,0.9683,7200,8664,1.2033,215,6.1247,32.8676,5.1722,44098.00,236647.00,10,74
20,-10576.92,-35.2564,0.9667,7200,8622,1.1975,209,6.1450,33.3846,5.1628,44244.00,240369.00,7,57
21,-10471.08,-34.9036,0.9652,7200,8773,1.2185,191,6.1387,33.0625,5.1579,44199.00,238050.00,8,38
22,-10060.36,-33.5345,0.9636,7200,8533,1.1851,207,5.9162,31.7319,5.0246,42597.00,228470.00,11,106
23,-9755.82,-32.5194,0.9620,7200,8485,1.1785,190,5.7768,30.7815,4.9088,41593.00,221627.00,13,99
24,-10243.39,-34.1446,0.9604,7200,8589,1.1929,194,6.0069,32.3301,5.0778,43250.00,232777.00,9,62
25,-10339.25,-34.4642,0.9588,7200,8619,1.1971,191,6.0883,32.6261,5.1397,43836.00,234908.00,9,38
26,-10429.64,-34.7655,0.9573,7200,8742,1.2142,206,6.1164,32.9103,5.1650,44038.00,236954.00,8,39
27,-10382.11,-34.6070,0.9557,7200,8670,1.2042,194,6.0679,32.7811,5.1021,43689.00,236024.00,10,80
28,-10363.43,-34.5448,0.9541,7200,8763,1.2171,210,6.0835,32.7007,5.1296,43801.00,235445.00,11,59
29,-10531.63,-35.1054,0.9525,7200,8569,1.1901,205,6.1228,33.2375,5.1672,44084.00,239310.00,15,161
30,-10350.48,-34.5016,0.9509,7200,8676,1.2050,192,6.0749,32.6688,5.1418,43739.00,235215.00,8,27
31,-10318.78,-34.3959,0.9493,7200,8647,1.2010,203,6.0476,32.5646,5.0965,43543.00,234465.00,8,34
32,-10411.86,-34.7062,0.9477,7200,8676,1.2050,193,6.1028,32.8674,5.1389,43940.00,236645.00,11,70
33,-10809.07,-36.0302,0.9462,7200,8846,1.2286,190,6.3300,34.1293,5.2961,45576.00,245731.00,9,56
34,-10205.25,-34.0175,0.9446,7200,8502,1.1808,192,5.9571,32.2249,4.9982,42891.00,232019.00,9,65
35,-10197.70,-33.9923,0.9430,7200,8533,1.1851,180,5.9396,32.2158,5.0057,42765.00,231954.00,8,54
36,-10251.37,-34.1712,0.9414,7200,8568,1.1900,209,6.0008,32.3453,5.0589,43206.00,232886.00,10,61
37,-10457.12,-34.8571,0.9398,7200,8541,1.1863,213,6.1097,32.9857,5.1478,43990.00,237497.00,8,22
38,-10407.94,-34.6931,0.9383,7200,8717,1.2107,199,6.1122,32.8485,5.1428,44008.00,236509.00,12,103
39,-10180.04,-33.9335,0.9367,7200,8690,1.2069,191,6.0306,32.1242,5.0783,43420.00,231294.00,8,69
40,-10532.15,-35.1072,0.9351,7200,8684,1.2061,194,6.1318,33.2608,5.1451,44149.00,239478.00,13,89
41,-10247.18,-34.1573,0.9335,7200,8555,1.1882,194,5.9871,32.3515,5.0421,43107.00,232931.00,11,52
42,-10382.93,-34.6098,0.9319,7200,8557,1.1885,200,6.0697,32.7706,5.0975,43702.00,235948.00,11,110
43,-10108.85,-33.6962,0.9303,7200,8588,1.1928,205,5.9499,31.8931,5.0226,42839.00,229630.00,12,116
44,-10209.12,-34.0304,0.9287,7200,8625,1.1979,203,5.9996,32.2146,5.0593,43197.00,231945.00,11,67
45,-10465.91,-34.8864,0.9272,7200,8783,1.2199,194,6.1383,33.0479,5.1336,44196.00,237945.00,12,92
46,-10395.23,-34.6508,0.9256,7200,8516,1.1828,202,6.0462,32.8150,5.0796,43533.00,236268.00,14,94
47,-10274.39,-34.2480,0.9240,7200,8683,1.2060,196,6.0663,32.4136,5.1404,43677.00,233378.00,11,63
48,-10261.28,-34.2043,0.9224,7200,8526,1.1842,191,5.9776,32.3990,5.0540,43039.00,233273.00,10,68
49,-10305.85,-34.3528,0.9208,7200,8621,1.1974,209,6.0365,32.5193,5.0796,43463.00,234139.00,8,39
50,-10381.90,-34.6063,0.9193,7200,8759,1.2165,194,6.1160,32.7685,5.1446,44035.00,235933.00,8,40
51,-10146.78,-33.8226,0.9177,7200,8741,1.2140,200,6.0224,32.0047,5.1021,43361.00,230434.00,12,84
52,-10186.46,-33.9549,0.9161,7200,8545,1.1868,201,5.9944,32.1372,5.0558,43160.00,231388.00,6,40
53,-10493.71,-34.9790,0.9145,7200,8586,1.1925,221,6.1226,33.1000,5.1487,44083.00,238320.00,12,91
54,-10249.73,-34.1658,0.9129,7200,8552,1.1878,216,6.0283,32.3197,5.0914,43404.00,232702.00,10,60
55,-10167.94,-33.8931,0.9113,7200,8548,1.1872,200,5.9583,32.0910,5.0206,42900.00,231055.00,4,27
56,-10141.07,-33.8036,0.9098,7200,8700,1.2083,199,5.9900,31.9989,5.0592,43128.00,230392.00,14,78
57,-10418.82,-34.7294,0.9082,7200,8694,1.2075,205,6.1057,32.8782,5.1440,43961.00,236723.00,11,73
58,-10013.24,-33.3775,0.9066,7200,8569,1.1901,195,5.8987,31.6049,4.9646,42471.00,227555.00,12,79
59,-10052.10,-33.5070,0.9050,7200,8503,1.1810,193,5.8814,31.7404,4.9389,42346.00,228531.00,17,125
60,-10553.98,-35.1799,0.9034,7200,8664,1.2033,195,6.1614,33.3236,5.1536,44362.00,239930.00,13,78
61,-10396.12,-34.6538,0.9018,7200,8578,1.1914,194,6.0721,32.8131,5.1399,43719.00,236254.00,11,87
62,-10467.98,-34.8933,0.9002,7200,8661,1.2029,209,6.1135,33.0375,5.1276,44017.00,237870.00,11,71
63,-10380.95,-34.6032,0.8987,7200,8566,1.1897,205,6.0424,32.7662,5.0915,43505.00,235917.00,13,96
64,-9871.65,-32.9055,0.8971,7200,8611,1.1960,185,5.8419,31.1600,4.9506,42062.00,224352.00,7,59
65,-10091.89,-33.6396,0.8955,7200,8487,1.1787,187,5.9282,31.8586,4.9887,42683.00,229382.00,11,77
66,-9896.50,-32.9883,0.8939,7200,8553,1.1879,207,5.8608,31.2071,4.9803,42198.00,224691.00,11,60
67,-10094.07,-33.6469,0.8923,7200,8636,1.1994,209,5.9568,31.8418,5.0224,42889.00,229261.00,8,50
68,-10541.47,-35.1382,0.8908,7200,8596,1.1939,216,6.1504,33.2567,5.1621,44283.00,239448.00,9,75
69,-9999.01,-33.3300,0.8892,7200,8635,1.1993,190,5.9167,31.5582,4.9908,42600.00,227219.00,7,42
70,-10521.62,-35.0721,0.8876,7200,8630,1.1986,195,6.1365,33.2218,5.1363,44183.00,239197.00,12,64
71,-10272.33,-34.2411,0.8860,7200,8572,1.1906,206,6.0221,32.4039,5.1104,43359.00,233308.00,5,13
72,-10234.52,-34.1151,0.8844,7200,8600,1.1944,186,6.0183,32.3143,5.0417,43332.00,232663.00,13,84
73,-10260.27,-34.2009,0.8828,7200,8583,1.1921,199,6.0133,32.3811,5.0708,43296.00,233144.00,11,85
74,-10039.28,-33.4643,0.8812,7200,8661,1.2029,193,5.9575,31.6700,5.0561,42894.00,228024.00,8,59
75,-10377.72,-34.5924,0.8797,7200,8563,1.1893,188,6.0249,32.7758,5.0912,43379.00,235986.00,14,92
76,-10103.71,-33.6790,0.8781,7200,8611,1.1960,195,5.9744,31.8810,5.0308,43016.00,229543.00,10,77
77,-10137.46,-33.7915,0.8765,7200,8712,1.2100,189,5.9899,31.9904,5.0957,43127.00,230331.00,6,31
78,-10321.45,-34.4048,0.8749,7200,8667,1.2038,199,6.0944,32.5575,5.1567,43880.00,234414.00,12,75
79,-10325.49,-34.4183,0.8733,7200,8569,1.1901,200,6.0439,32.5896,5.0750,43516.00,234645.00,16,127
80,-10305.89,-34.3530,0.8718,7200,8535,1.1854,201,6.0372,32.5250,5.0611,43468.00,234180.00,12,95
81,-10021.96,-33.4065,0.8702,7200,8631,1.1987,182,5.9067,31.6526,4.9497,42528.00,227899.00,11,67
82,-10050.35,-33.5012,0.8686,7200,8573,1.1907,194,5.9017,31.7236,4.9928,42492.00,228410.00,8,36
83,-10224.45,-34.0815,0.8670,7200,8623,1.1976,212,5.9879,32.2644,5.0315,43113.00,232304.00,9,81
84,-10680.12,-35.6004,0.8654,7200,8706,1.2092,193,6.2306,33.7236,5.2114,44860.00,242810.00,6,34
85,-10350.35,-34.5012,0.8638,7200,8771,1.2182,195,6.0894,32.6703,5.1356,43844.00,235226.00,12,99
86,-10046.38,-33.4879,0.8622,7200,8588,1.1928,193,5.9282,31.6990,5.0332,42683.00,228233.00,11,63
87,-10269.02,-34.2301,0.8607,7200,8696,1.2078,196,6.0540,32.4031,5.1204,43589.00,233302.00,12,82
88,-10519.39,-35.0646,0.8591,7200,8802,1.2225,188,6.1542,33.2300,5.1353,44310.00,239256.00,8,40
89,-10133.47,-33.7782,0.8575,7200,8746,1.2147,205,6.0117,31.9632,5.0753,43284.00,230135.00,8,63
90,-10366.42,-34.5547,0.8559,7200,8608,1.1956,202,6.0642,32.7181,5.0981,43662.00,235570.00,12,103
91,-10317.84,-34.3928,0.8543,7200,8674,1.2047,186,6.0656,32.5764,5.0983,43672.00,234550.00,11,62
92,-10527.92,-35.0931,0.8528,7200,8707,1.2093,204,6.1819,33.2139,5.2172,44510.00,239140.00,9,55
93,-10526.50,-35.0883,0.8512,7200,8701,1.2085,205,6.1618,33.2175,5.1885,44365.00,239166.00,18,113
94,-10418.45,-34.7282,0.8496,7200,8673,1.2046,185,6.1024,32.9021,5.1146,43937.00,236895.00,8,62
95,-10388.95,-34.6298,0.8480,7200,8700,1.2083,193,6.0875,32.7978,5.1286,43830.00,236144.00,6,31
96,-10082.33,-33.6078,0.8464,7200,8544,1.1867,206,5.9542,31.7989,5.0269,42870.00,228952.00,12,93
97,-10298.99,-34.3300,0.8448,7200,8555,1.1882,177,6.0349,32.5228,5.0865,43451.00,234164.00,16,111
98,-10477.43,-34.9248,0.8433,7200,8565,1.1896,198,6.0831,33.0858,5.0956,43798.00,238218.00,9,50
99,-10408.99,-34.6966,0.8417,7200,8698,1.2081,206,6.0844,32.8533,5.1222,43808.00,236544.00,10,57
100,-10361.87,-34.5396,0.8401,7200,8575,1.1910,204,6.0719,32.6944,5.1111,43718.00,235400.00,12,84
101,-10379.40,-34.5980,0.8385,7200,8592,1.1933,193,6.0961,32.7514,5.1553,43892.00,235810.00,9,79
102,-10321.65,-34.4055,0.8369,7200,8650,1.2014,193,6.0750,32.5763,5.1097,43740.00,234549.00,9,59
103,-10124.27,-33.7476,0.8353,7200,8691,1.2071,192,5.9863,31.9511,5.0537,43101.00,230048.00,10,46
104,-10346.12,-34.4871,0.8337,7200,8541,1.1863,178,6.0488,32.6760,5.0824,43551.00,235267.00,8,46
105,-10258.46,-34.1949,0.8322,7200,8578,1.1914,186,6.0179,32.3828,5.0910,43329.00,233156.00,10,45
106,-10274.01,-34.2467,0.8306,7200,8556,1.1883,206,6.0296,32.4096,5.0968,43413.00,233349.00,12,76
107,-10136.66,-33.7889,0.8290,7200,8534,1.1853,204,5.9343,31.9878,5.0143,42727.00,230312.00,10,52
108,-10155.15,-33.8505,0.8274,7200,8588,1.1928,199,5.9701,32.0475,5.0318,42985.00,230742.00,11,92
109,-9910.70,-33.0357,0.8258,7200,8538,1.1858,190,5.8457,31.2843,4.9257,42089.00,225247.00,9,55
110,-10323.00,-34.4100,0.8243,7200,8569,1.1901,195,6.0553,32.5768,5.1111,43598.00,234553.00,8,28
111,-10642.96,-35.4765,0.8227,7200,8721,1.2112,206,6.1942,33.5961,5.2061,44598.00,241892.00,5,47
112,-10490.33,-34.9678,0.8211,7200,8697,1.2079,201,6.1507,33.1061,5.1724,44285.00,238364.00,10,63
113,-10145.11,-33.8170,0.8195,7200,8535,1.1854,216,5.9683,31.9921,5.0400,42972.00,230343.00,10,53
114,-10270.94,-34.2365,0.8179,7200,8620,1.1972,187,6.0350,32.4232,5.0894,43452.00,233447.00,11,62
115,-10444.21,-34.8140,0.8163,7200,8743,1.2143,201,6.1394,32.9571,5.1761,44204.00,237291.00,11,71
116,-10138.22,-33.7941,0.8147,7200,8635,1.1993,201,5.9799,31.9894,5.0365,43055.00,230324.00,4,19
117,-10315.06,-34.3835,0.8132,7200,8681,1.2057,207,6.0511,32.5514,5.0889,43568.00,234370.00,7,70
118,-10429.29,-34.7643,0.8116,7200,8789,1.2207,190,6.1486,32.9221,5.1642,44270.00,237039.00,11,82
119,-10435.75,-34.7858,0.8100,7200,8627,1.1982,189,6.1065,32.9478,5.1343,43967.00,237224.00,7,40
120,-10383.71,-34.6124,0.8084,7200,8622,1.1975,189,6.0756,32.7858,5.1058,43744.00,236058.00,11,71
121,-10120.44,-33.7348,0.8068,7200,8610,1.1958,200,5.9363,31.9433,5.0107,42741.00,229992.00,10,70
122,-10376.93,-34.5898,0.8053,7200,8628,1.1983,217,6.0640,32.7397,5.0971,43661.00,235726.00,8,46
123,-10250.15,-34.1672,0.8037,7200,8504,1.1811,202,5.9826,32.3497,5.0474,43075.00,232918.00,7,35
124,-10345.43,-34.4848,0.8021,7200,8570,1.1903,206,6.0683,32.6410,5.0964,43692.00,235015.00,9,54
125,-10219.43,-34.0648,0.8005,7200,8612,1.1961,204,6.0190,32.2278,5.1363,43337.00,232040.00,6,32
126,-10230.12,-34.1004,0.7989,7200,8710,1.2097,199,6.0389,32.2800,5.0925,43480.00,232416.00,10,62
127,-10373.08,-34.5769,0.7973,7200,8676,1.2050,204,6.0901,32.7347,5.1135,43849.00,235690.00,12,96
128,-10224.87,-34.0829,0.7957,7200,8519,1.1832,189,5.9912,32.2753,5.0599,43137.00,232382.00,7,42
129,-10483.32,-34.9444,0.7942,7200,8628,1.1983,183,6.1024,33.1156,5.1226,43937.00,238432.00,13,99
130,-10194.57,-33.9819,0.7926,7200,8536,1.1856,211,5.9797,32.1656,5.0108,43054.00,231592.00,9,78
131,-10388.99,-34.6300,0.7910,7200,8718,1.2108,206,6.1078,32.7822,5.1281,43976.00,236032.00,11,81
132,-9883.68,-32.9456,0.7894,7200,8505,1.1812,177,5.8487,31.1972,4.9612,42111.00,224620.00,9,83
133,-10262.52,-34.2084,0.7878,7200,8560,1.1889,187,6.0287,32.3928,5.0865,43407.00,233228.00,6,51
134,-10187.26,-33.9575,0.7863,7200,8554,1.1881,191,6.0081,32.1394,5.0975,43258.00,231404.00,7,38
135,-10470.19,-34.9006,0.7847,7200,8679,1.2054,189,6.1246,33.0594,5.1499,44097.00,238028.00,9,51
136,-10108.37,-33.6946,0.7831,7200,8457,1.1746,196,5.9047,31.9049,5.0003,42514.00,229715.00,12,71
137,-10080.68,-33.6023,0.7815,7200,8672,1.2044,194,5.9483,31.8175,5.0167,42828.00,229086.00,9,33
138,-10646.72,-35.4891,0.7799,7200,8692,1.2072,200,6.1904,33.6222,5.1618,44571.00,242080.00,17,125
139,-10033.91,-33.4464,0.7783,7200,8598,1.1942,192,5.9633,31.6525,5.0314,42936.00,227898.00,13,91
140,-10066.97,-33.5566,0.7768,7200,8564,1.1894,199,5.9525,31.7517,5.0506,42858.00,228612.00,12,76
141,-10166.82,-33.8894,0.7752,7200,8628,1.1983,183,5.9696,32.1036,5.0401,42981.00,231146.00,5,20
142,-10130.39,-33.7680,0.7736,7200,8560,1.1889,189,5.9686,31.9660,5.0686,42974.00,230155.00,10,47
143,-10202.86,-34.0095,0.7720,7200,8616,1.1967,207,6.0011,32.1857,5.0747,43208.00,231737.00,13,87
144,-10304.45,-34.3482,0.7704,7200,8774,1.2186,192,6.0657,32.5299,5.1124,43673.00,234215.00,12,80
145,-10080.10,-33.6003,0.7688,7200,8527,1.1843,201,5.9075,31.8156,4.9722,42534.00,229072.00,11,71
146,-10083.59,-33.6120,0.7672,7200,8711,1.2099,196,5.9732,31.8131,5.0660,43007.00,229054.00,5,42
147,-10172.63,-33.9088,0.7657,7200,8592,1.1933,213,5.9815,32.0878,5.0418,43067.00,231032.00,13,104
148,-10356.06,-34.5202,0.7641,7200,8660,1.2028,206,6.0590,32.6874,5.0821,43625.00,235349.00,11,64
149,-10510.39,-35.0346,0.7625,7200,8729,1.2124,193,6.1286,33.1938,5.1417,44126.00,238995.00,8,51
150,-10249.55,-34.1652,0.7609,7200,8622,1.1975,200,6.0394,32.3371,5.0947,43484.00,232827.00,8,38
151,-10056.08,-33.5203,0.7593,7200,8506,1.1814,193,5.9062,31.7432,4.9676,42525.00,228551.00,7,42
152,-10519.12,-35.0637,0.7578,7200,8720,1.2111,189,6.1506,33.2183,5.1592,44284.00,239172.00,8,39
153,-10390.48,-34.6349,0.7562,7200,8690,1.2069,187,6.0918,32.8043,5.1437,43861.00,236191.00,12,101
154,-10349.53,-34.4984,0.7546,7200,8677,1.2051,183,6.0511,32.6847,5.1153,43568.00,235330.00,9,46
155,-10171.90,-33.9063,0.7530,7200,8473,1.1768,206,5.9931,32.0803,5.0492,43150.00,230978.00,11,62
156,-10608.90,-35.3630,0.7514,7200,8822,1.2253,201,6.2422,33.4751,5.2553,44944.00,241021.00,10,60
157,-10205.96,-34.0199,0.7498,7200,8637,1.1996,202,6.0074,32.2036,5.0629,43253.00,231866.00,7,41
158,-10065.06,-33.5502,0.7483,7200,8628,1.1983,192,5.9494,31.7615,5.0297,42836.00,228683.00,10,100
159,-10629.15,-35.4305,0.7467,7200,8846,1.2286,186,6.2476,33.5588,5.2526,44983.00,241623.00,10,74
160,-10229.05,-34.0968,0.7451,7200,8595,1.1938,191,6.0132,32.2933,5.0338,43295.00,232512.00,9,57
161,-10455.65,-34.8522,0.7435,7200,8609,1.1957,195,6.1489,32.9888,5.1825,44272.00,237519.00,14,113
162,-10105.04,-33.6835,0.7419,7200,8630,1.1986,194,5.9583,31.8897,5.0369,42900.00,229606.00,14,80
163,-10120.33,-33.7344,0.7403,7200,8588,1.1928,203,5.9647,31.9251,5.0486,42946.00,229861.00,6,32
164,-10001.56,-33.3385,0.7388,7200,8563,1.1893,209,5.9251,31.5343,5.0243,42661.00,227047.00,10,53
165,-10202.70,-34.0090,0.7372,7200,8624,1.1978,205,6.0268,32.1819,5.0779,43393.00,231710.00,9,39
166,-10171.12,-33.9037,0.7356,7200,8634,1.1992,188,5.9868,32.1093,5.0432,43105.00,231187.00,7,42
167,-10214.43,-34.0481,0.7340,7200,8689,1.2068,201,6.0397,32.2233,5.0961,43486.00,232008.00,10,75
168,-10209.77,-34.0326,0.7324,7200,8557,1.1885,196,5.9864,32.2271,5.0322,43102.00,232035.00,14,78
169,-10002.10,-33.3403,0.7308,7200,8591,1.1932,198,5.8779,31.5704,4.9646,42321.00,227307.00,9,66
170,-10620.45,-35.4015,0.7292,7200,8749,1.2151,186,6.2451,33.5271,5.2349,44965.00,241395.00,10,70
171,-10335.87,-34.4529,0.7277,7200,8632,1.1989,197,6.0781,32.6133,5.1319,43762.00,234816.00,10,75
172,-10357.15,-34.5238,0.7261,7200,8673,1.2046,195,6.0879,32.6868,5.1338,43833.00,235345.00,7,52
173,-10279.35,-34.2645,0.7245,7200,8631,1.1987,197,6.0388,32.4389,5.1013,43479.00,233560.00,13,87
174,-10467.60,-34.8920,0.7229,7200,8741,1.2140,184,6.1639,33.0472,5.1750,44380.00,237940.00,14,90
175,-10223.22,-34.0774,0.7213,7200,8684,1.2061,173,6.0507,32.2761,5.1060,43565.00,232388.00,10,70
176,-10572.60,-35.2420,0.7198,7200,8817,1.2246,190,6.2161,33.3767,5.2219,44756.00,240312.00,11,63
177,-10446.50,-34.8217,0.7182,7200,8569,1.1901,193,6.1121,32.9712,5.1504,44007.00,237393.00,11,81
178,-10531.60,-35.1053,0.7166,7200,8680,1.2056,190,6.1842,33.2408,5.2022,44526.00,239334.00,9,45
179,-10157.50,-33.8583,0.7150,7200,8619,1.1971,185,6.0035,32.0639,5.0365,43225.00,230860.00,10,96
180,-10142.27,-33.8076,0.7134,7200,8662,1.2031,186,5.9906,32.0140,5.0547,43132.00,230501.00,9,53
181,-10247.59,-34.1586,0.7118,7200,8679,1.2054,204,6.0412,32.3269,5.1107,43497.00,232754.00,16,114
182,-10009.64,-33.3655,0.7103,7200,8622,1.1975,189,5.9094,31.6014,4.9597,42548.00,227530.00,7,36
183,-10092.65,-33.6422,0.7087,7200,8561,1.1890,214,5.9215,31.8397,4.9932,42635.00,229246.00,13,92
184,-10584.30,-35.2810,0.7071,7200,8720,1.2111,180,6.1840,33.4347,5.1751,44525.00,240730.00,13,78
185,-10444.67,-34.8156,0.7055,7200,8511,1.1821,193,6.1004,32.9722,5.1065,43923.00,237400.00,9,51
186,-9966.92,-33.2231,0.7039,7200,8571,1.1904,192,5.8940,31.4494,4.9901,42437.00,226436.00,10,61
187,-10327.01,-34.4234,0.7023,7200,8686,1.2064,195,6.0556,32.6081,5.0619,43600.00,234778.00,14,130
188,-9992.33,-33.3078,0.7007,7200,8628,1.1983,199,5.9014,31.5301,4.9875,42490.00,227017.00,8,50
189,-10388.60,-34.6287,0.6992,7200,8757,1.2163,184,6.1192,32.7990,5.1497,44058.00,236153.00,8,41
190,-10227.74,-34.0925,0.6976,7200,8705,1.2090,210,6.0622,32.2560,5.0928,43648.00,232243.00,11,69
191,-10302.90,-34.3430,0.6960,7200,8658,1.2025,189,6.0579,32.5235,5.1010,43617.00,234169.00,7,41
192,-10091.93,-33.6398,0.6944,7200,8640,1.2000,200,5.9590,31.8442,5.0190,42905.00,229278.00,9,62
193,-10374.02,-34.5801,0.6928,7200,8602,1.1947,187,6.1113,32.7410,5.1360,44001.00,235735.00,11,77
194,-9830.98,-32.7699,0.6913,7200,8429,1.1707,192,5.8032,31.0156,4.9354,41783.00,223312.00,8,50
195,-10375.42,-34.5847,0.6897,7200,8730,1.2125,175,6.1168,32.7682,5.1221,44041.00,235931.00,7,49
196,-10234.38,-34.1146,0.6881,7200,8648,1.2011,202,6.0213,32.2933,5.0779,43353.00,232512.00,10,64
197,-10118.35,-33.7278,0.6865,7200,8599,1.1943,198,5.9442,31.9329,5.0261,42798.00,229917.00,8,60
198,-10110.29,-33.7010,0.6849,7200,8656,1.2022,181,5.9786,31.9182,5.0358,43046.00,229811.00,12,94
199,-9899.14,-32.9971,0.6833,7200,8611,1.1960,198,5.8739,31.2292,4.9658,42292.00,224850.00,7,35
200,-10354.77,-34.5159,0.6818,7200,8764,1.2172,193,6.0963,32.6917,5.1029,43893.00,235380.00,15,112
201,-9909.27,-33.0309,0.6802,7200,8507,1.1815,201,5.8290,31.2700,4.9243,41969.00,225144.00,10,65
202,-10244.90,-34.1497,0.6786,7200,8735,1.2132,187,6.0594,32.3356,5.1092,43628.00,232816.00,11,66
203,-10190.26,-33.9675,0.6770,7200,8643,1.2004,205,5.9833,32.1568,5.0464,43080.00,231529.00,8,68
204,-10293.29,-34.3110,0.6754,7200,8572,1.1906,197,6.0597,32.4729,5.1219,43630.00,233805.00,12,81
205,-10353.93,-34.5131,0.6738,7200,8607,1.1954,197,6.0560,32.6882,5.0721,43603.00,235355.00,7,42
206,-10194.34,-33.9811,0.6723,7200,8538,1.1858,193,5.9857,32.1728,5.0557,43097.00,231644.00,10,67
207,-10067.60,-33.5587,0.6707,7200,8589,1.1929,202,5.9469,31.7619,5.0089,42818.00,228686.00,8,42
208,-10351.78,-34.5059,0.6691,7200,8620,1.1972,193,6.0503,32.6836,5.0894,43562.00,235322.00,9,59
209,-10167.67,-33.8922,0.6675,7200,8582,1.1919,189,6.0056,32.0925,5.0281,43240.00,231066.00,9,61
210,-10181.11,-33.9370,0.6659,7200,8756,1.2161,195,6.0215,32.1399,5.0296,43355.00,231407.00,5,20
211,-10266.40,-34.2213,0.6643,7200,8691,1.2071,214,6.0604,32.3829,5.0793,43635.00,233157.00,10,72
212,-10377.24,-34.5908,0.6627,7200,8734,1.2131,190,6.1293,32.7492,5.1615,44131.00,235794.00,10,92
213,-10211.18,-34.0373,0.6612,7200,8666,1.2036,209,5.9956,32.2204,5.0528,43168.00,231987.00,12,100
214,-10463.54,-34.8785,0.6596,7200,8730,1.2125,198,6.1631,33.0175,5.1831,44374.00,237726.00,9,45
215,-10425.62,-34.7521,0.6580,7200,8689,1.2068,186,6.0917,32.9299,5.1064,43860.00,237095.00,13,96
216,-10049.07,-33.4969,0.6564,7200,8548,1.1872,183,5.9328,31.7196,5.0069,42716.00,228381.00,7,42
217,-10341.16,-34.4705,0.6548,7200,8728,1.2122,186,6.0768,32.6557,5.0979,43753.00,235121.00,10,46
218,-10070.87,-33.5696,0.6532,7200,8684,1.2061,200,5.9406,31.7794,5.0253,42772.00,228812.00,7,36
219,-10305.25,-34.3508,0.6517,7200,8701,1.2085,186,6.0636,32.5325,5.1192,43658.00,234234.00,11,91
220,-9923.10,-33.0770,0.6501,7200,8705,1.2090,194,5.9108,31.3099,4.9775,42558.00,225431.00,12,73
221,-10263.08,-34.2103,0.6485,7200,8617,1.1968,184,6.0376,32.3978,5.0968,43471.00,233264.00,9,46
222,-10193.72,-33.9791,0.6469,7200,8568,1.1900,202,5.9936,32.1614,5.0597,43154.00,231562.00,7,51
223,-10409.63,-34.6988,0.6453,7200,8624,1.1978,188,6.0704,32.8790,5.0826,43707.00,236729.00,13,84
224,-10289.41,-34.2980,0.6438,7200,8676,1.2050,196,6.0293,32.4879,5.0537,43411.00,233913.00,10,70
225,-10112.16,-33.7072,0.6422,7200,8531,1.1849,174,5.9489,31.9343,5.0078,42832.00,229927.00,10,78
226,-10003.80,-33.3460,0.6406,7200,8469,1.1763,184,5.8818,31.5796,4.9710,42349.00,227373.00,10,58
227,-10048.15,-33.4938,0.6390,7200,8528,1.1844,179,5.8781,31.7403,4.9558,42322.00,228530.00,7,46
228,-9954.59,-33.1820,0.6374,7200,8457,1.1746,193,5.8536,31.4135,4.9603,42146.00,226177.00,6,40
229,-10147.57,-33.8252,0.6358,7200,8561,1.1890,192,5.9771,32.0296,5.0137,43035.00,230613.00,14,97
230,-10200.96,-34.0032,0.6342,7200,8752,1.2156,186,6.0492,32.1962,5.0944,43554.00,231813.00,6,33
231,-10313.97,-34.3799,0.6327,7200,8748,1.2150,172,6.0606,32.5840,5.0964,43636.00,234605.00,11,65
232,-10291.04,-34.3035,0.6311,7200,8682,1.2058,174,6.0576,32.5067,5.0710,43615.00,234048.00,7,43
233,-10262.39,-34.2080,0.6295,7200,8742,1.2142,171,6.0593,32.4114,5.1040,43627.00,233362.00,11,74
234,-10538.90,-35.1297,0.6279,7200,8741,1.2140,169,6.1972,33.2861,5.2106,44620.00,239660.00,7,49
235,-10511.79,-35.0393,0.6263,7200,8703,1.2087,181,6.1703,33.1958,5.1639,44426.00,239010.00,13,84
236,-10205.75,-34.0192,0.6248,7200,8603,1.1949,181,6.0224,32.2172,5.0696,43361.00,231964.00,8,42
237,-10461.33,-34.8711,0.6232,7200,8621,1.1974,203,6.1107,33.0153,5.1468,43997.00,237710.00,10,53
238,-10083.92,-33.6131,0.6216,7200,8627,1.1982,177,5.9629,31.8353,5.0365,42933.00,229214.00,6,39
239,-10133.27,-33.7776,0.6200,7200,8578,1.1914,162,5.9681,32.0125,5.0258,42970.00,230490.00,7,33
240,-10146.52,-33.8217,0.6184,7200,8588,1.1928,184,5.9508,32.0439,5.0003,42846.00,230716.00,7,31
241,-10154.18,-33.8473,0.6168,7200,8652,1.2017,183,5.9676,32.0667,5.0246,42967.00,230880.00,10,66
242,-9915.99,-33.0533,0.6153,7200,8578,1.1914,203,5.8532,31.2858,4.9476,42143.00,225258.00,8,52
243,-10058.14,-33.5271,0.6137,7200,8637,1.1996,187,5.9715,31.7432,5.0121,42995.00,228551.00,8,71
244,-10339.95,-34.4665,0.6121,7200,8633,1.1990,188,6.0746,32.6501,5.0649,43737.00,235081.00,7,52
245,-10412.22,-34.7074,0.6105,7200,8724,1.2117,161,6.1361,32.8871,5.1897,44180.00,236787.00,9,57
246,-10005.99,-33.3533,0.6089,7200,8513,1.1824,183,5.9069,31.5796,5.0025,42530.00,227373.00,12,75
247,-10314.79,-34.3826,0.6073,7200,8695,1.2076,175,6.0661,32.5847,5.0675,43676.00,234610.00,9,40
248,-10099.14,-33.6638,0.6058,7200,8644,1.2006,170,5.9735,31.8921,5.0365,43009.00,229623.00,6,29
249,-10270.40,-34.2347,0.6042,7200,8519,1.1832,183,6.0372,32.4201,5.0783,43468.00,233425.00,9,50
250,-9936.93,-33.1231,0.6026,7200,8558,1.1886,167,5.8518,31.3924,4.9385,42133.00,226025.00,8,41
251,-10349.91,-34.4997,0.6010,7200,8597,1.1940,186,6.0872,32.6706,5.1136,43828.00,235228.00,10,53
252,-10021.17,-33.4039,0.5994,7200,8497,1.1801,176,5.9022,31.6457,4.9592,42496.00,227849.00,6,39
253,-10190.79,-33.9693,0.5978,7200,8619,1.1971,181,6.0229,32.1742,5.0404,43365.00,231654.00,7,31
254,-10058.84,-33.5295,0.5962,7200,8613,1.1963,191,5.9371,31.7501,4.9951,42747.00,228601.00,7,41
255,-9892.84,-32.9761,0.5947,7200,8515,1.1826,179,5.8467,31.2289,4.9511,42096.00,224848.00,12,65
256,-9956.15,-33.1872,0.5931,7200,8601,1.1946,189,5.9149,31.4114,5.0054,42587.00,226162.00,10,47
257,-10516.81,-35.0560,0.5915,7200,8649,1.2012,184,6.1674,33.2061,5.1654,44405.00,239084.00,10,82
258,-10167.23,-33.8908,0.5899,7200,8552,1.1878,195,5.9567,32.0925,5.0292,42888.00,231066.00,11,69
259,-10411.94,-34.7065,0.5883,7200,8765,1.2174,183,6.0987,32.8890,5.1168,43911.00,236801.00,13,105
260,-10224.55,-34.0818,0.5867,7200,8671,1.2043,196,6.0389,32.2650,5.0761,43480.00,232308.00,6,57
261,-10109.30,-33.6977,0.5852,7200,8679,1.2054,197,5.9756,31.9074,5.0044,43024.00,229733.00,12,82
262,-10451.57,-34.8386,0.5836,7200,8734,1.2131,186,6.1574,32.9960,5.1582,44333.00,237571.00,11,56
263,-10253.46,-34.1782,0.5820,7200,8771,1.2182,194,6.0614,32.3607,5.1017,43642.00,232997.00,13,116
264,-10446.81,-34.8227,0.5804,7200,8660,1.2028,184,6.1251,32.9893,5.1288,44101.00,237523.00,12,102
265,-10296.13,-34.3204,0.5788,7200,8683,1.2060,182,6.0431,32.5138,5.0953,43510.00,234099.00,5,45
266,-10232.48,-34.1083,0.5773,7200,8681,1.2057,179,6.0342,32.3083,5.0847,43446.00,232620.00,10,82
267,-10162.45,-33.8748,0.5757,7200,8655,1.2021,195,5.9693,32.0810,5.0301,42979.00,230983.00,4,15
268,-10186.94,-33.9565,0.5741,7200,8534,1.1853,183,5.9828,32.1614,5.0408,43076.00,231562.00,17,140
269,-10243.23,-34.1441,0.5725,7200,8643,1.2004,177,6.0290,32.3454,5.0804,43409.00,232887.00,11,91
270,-10146.25,-33.8208,0.5709,7200,8560,1.1889,175,5.9671,32.0383,5.0426,42963.00,230676.00,13,74
271,-10152.19,-33.8406,0.5693,7200,8648,1.2011,185,6.0144,32.0368,5.0825,43304.00,230665.00,9,56
272,-10103.65,-33.6788,0.5677,7200,8600,1.1944,175,5.9682,31.8950,5.0621,42971.00,229644.00,7,46
273,-10069.09,-33.5636,0.5662,7200,8522,1.1836,174,5.9367,31.7958,4.9914,42744.00,228930.00,8,39
274,-9976.88,-33.2563,0.5646,7200,8556,1.1883,191,5.9013,31.4782,5.0049,42489.00,226643.00,8,38
275,-9976.60,-33.2553,0.5630,7200,8579,1.1915,189,5.9014,31.4779,5.0194,42490.00,226641.00,11,72
276,-10331.01,-34.4367,0.5614,7200,8615,1.1965,190,6.0344,32.6229,5.0758,43448.00,234885.00,10,84
277,-10373.51,-34.5784,0.5598,7200,8644,1.2006,190,6.0789,32.7440,5.1442,43768.00,235757.00,9,59
278,-10015.66,-33.3855,0.5583,7200,8651,1.2015,168,5.9271,31.6321,5.0040,42675.00,227751.00,13,91
279,-10199.14,-33.9971,0.5567,7200,8563,1.1893,187,5.9908,32.2025,5.0206,43134.00,231858.00,10,64
280,-10047.81,-33.4927,0.5551,7200,8614,1.1964,171,5.9419,31.7311,5.0019,42782.00,228464.00,6,38
281,-10124.45,-33.7482,0.5535,7200,8566,1.1897,181,6.0124,31.9474,5.0610,43289.00,230021.00,13,72
282,-10179.13,-33.9304,0.5519,7200,8715,1.2104,183,6.0118,32.1396,5.0535,43285.00,231405.00,7,45
283,-10051.94,-33.5065,0.5503,7200,8559,1.1887,184,5.9344,31.7283,5.0081,42728.00,228444.00,5,19
284,-10423.65,-34.7455,0.5488,7200,8691,1.2071,173,6.1414,32.9147,5.1653,44218.00,236986.00,6,30
285,-10173.36,-33.9112,0.5472,7200,8683,1.2060,182,6.0194,32.1099,5.0922,43340.00,231191.00,6,24
286,-10448.09,-34.8270,0.5456,7200,8784,1.2200,182,6.1642,32.9926,5.1475,44382.00,237547.00,12,65
287,-10188.32,-33.9611,0.5440,7200,8568,1.1900,181,5.9847,32.1644,5.0683,43090.00,231584.00,15,96
288,-10359.51,-34.5317,0.5424,7200,8732,1.2128,171,6.0928,32.7257,5.1142,43868.00,235625.00,11,87
289,-10454.82,-34.8494,0.5408,7200,8778,1.2192,172,6.1740,33.0158,5.1818,44453.00,237714.00,10,56
290,-9902.04,-33.0068,0.5393,7200,8498,1.1803,171,5.8596,31.2608,4.9660,42189.00,225078.00,12,81
291,-9880.45,-32.9348,0.5377,7200,8665,1.2035,185,5.8803,31.1825,4.9650,42338.00,224514.00,10,66
292,-10062.32,-33.5411,0.5361,7200,8554,1.1881,167,5.9251,31.7922,4.9543,42661.00,228904.00,5,38
293,-10246.64,-34.1555,0.5345,7200,8640,1.2000,166,6.0508,32.3518,5.1375,43566.00,232933.00,5,48
294,-10361.86,-34.5395,0.5329,7200,8640,1.2000,198,6.0878,32.6962,5.1386,43832.00,235413.00,12,115
295,-9977.15,-33.2572,0.5313,7200,8503,1.1810,179,5.8438,31.5143,4.9279,42075.00,226903.00,7,56
296,-10083.80,-33.6127,0.5297,7200,8568,1.1900,195,5.9486,31.8228,5.0008,42830.00,229124.00,12,89
297,-10483.37,-34.9446,0.5282,7200,8726,1.2119,188,6.1542,33.0960,5.1786,44310.00,238291.00,14,96
298,-10117.68,-33.7256,0.5266,7200,8532,1.1850,158,5.9647,31.9643,5.0142,42946.00,230143.00,7,47
299,-10122.85,-33.7428,0.5250,7200,8707,1.2093,187,5.9947,31.9504,5.0556,43162.00,230043.00,8,70
300,-10075.45,-33.5848,0.5234,7200,8678,1.2053,184,5.9729,31.8051,5.0187,43005.00,228997.00,12,65
301,-10332.62,-34.4421,0.5218,7200,8615,1.1965,170,6.0765,32.6328,5.1113,43751.00,234956.00,7,40
302,-10589.59,-35.2986,0.5202,7200,8822,1.2253,192,6.2067,33.4389,5.1953,44688.00,240760.00,16,109
303,-10089.05,-33.6302,0.5187,7200,8685,1.2063,177,5.9842,31.8544,5.0250,43086.00,229352.00,11,95
304,-9954.93,-33.1831,0.5171,7200,8574,1.1908,203,5.9078,31.3976,4.9817,42536.00,226063.00,13,98
305,-10136.74,-33.7891,0.5155,7200,8659,1.2026,176,6.0147,31.9944,5.0853,43306.00,230360.00,8,50
306,-10143.40,-33.8113,0.5139,7200,8582,1.1919,177,6.0074,32.0124,5.0824,43253.00,230489.00,13,76
307,-10033.11,-33.4437,0.5123,7200,8639,1.1999,179,5.9411,31.6740,5.0119,42776.00,228053.00,13,99
308,-10100.49,-33.6683,0.5108,7200,8696,1.2078,181,5.9849,31.8907,5.0176,43091.00,229613.00,10,35
309,-10301.67,-34.3389,0.5092,7200,8618,1.1969,195,6.0611,32.5115,5.0931,43640.00,234083.00,12,89
310,-9861.16,-32.8705,0.5076,7200,8549,1.1874,172,5.8501,31.1317,4.9526,42121.00,224148.00,7,42
311,-10276.58,-34.2553,0.5060,7200,8650,1.2014,179,6.0382,32.4543,5.0751,43475.00,233671.00,10,102
312,-10109.32,-33.6977,0.5044,7200,8743,1.2143,183,6.0151,31.9039,5.0749,43309.00,229708.00,8,73
313,-10205.82,-34.0194,0.5028,7200,8649,1.2012,178,6.0193,32.2268,5.0568,43339.00,232033.00,6,48
314,-10044.87,-33.4829,0.5012,7200,8600,1.1944,183,5.9456,31.7061,5.0094,42808.00,228284.00,4,30
315,-10306.24,-34.3541,0.4997,7200,8655,1.2021,184,6.0722,32.5397,5.0850,43720.00,234286.00,11,70
316,-9955.78,-33.1859,0.4981,7200,8666,1.2036,184,5.9157,31.4233,4.9863,42593.00,226248.00,11,88
317,-10171.13,-33.9038,0.4965,7200,8621,1.1974,182,6.0017,32.1108,5.0464,43212.00,231198.00,13,118
318,-9903.65,-33.0122,0.4949,7200,8527,1.1843,167,5.8839,31.2631,4.9875,42364.00,225094.00,13,64
319,-10153.95,-33.8465,0.4933,7200,8579,1.1915,172,6.0081,32.0592,5.0475,43258.00,230826.00,14,98
320,-10127.33,-33.7578,0.4918,7200,8696,1.2078,169,6.0049,31.9821,5.0479,43235.00,230271.00,12,85
321,-9732.91,-32.4430,0.4902,7200,8436,1.1717,177,5.7675,30.7204,4.8897,41526.00,221187.00,9,71
322,-10110.03,-33.7001,0.4886,7200,8636,1.1994,166,6.0090,31.9200,5.0601,43265.00,229824.00,12,108
323,-10156.98,-33.8566,0.4870,7200,8652,1.2017,195,5.9953,32.0564,5.0350,43166.00,230806.00,18,119
324,-10069.02,-33.5634,0.4854,7200,8716,1.2106,166,5.9757,31.8014,5.0307,43025.00,228970.00,6,38
325,-9805.51,-32.6850,0.4838,7200,8442,1.1725,169,5.8203,30.9472,4.9550,41906.00,222820.00,6,32
326,-9749.08,-32.4969,0.4822,7200,8551,1.1876,180,5.7714,30.7787,4.8886,41554.00,221607.00,6,42
327,-9936.41,-33.1214,0.4807,7200,8483,1.1782,179,5.8519,31.3749,4.9311,42134.00,225899.00,16,100
328,-10156.43,-33.8548,0.4791,7200,8607,1.1954,186,5.9765,32.0635,5.0385,43031.00,230857.00,14,125
329,-9674.05,-32.2468,0.4775,7200,8551,1.1876,163,5.7421,30.5524,4.8843,41343.00,219977.00,9,82
330,-10070.70,-33.5690,0.4759,7200,8557,1.1885,157,5.9515,31.8111,5.0240,42851.00,229040.00,8,53
331,-10059.63,-33.5321,0.4743,7200,8577,1.1912,172,5.9711,31.7558,5.0283,42992.00,228642.00,10,59
332,-10015.35,-33.3845,0.4728,7200,8578,1.1914,189,5.9079,31.6165,4.9654,42537.00,227639.00,11,69
333,-10267.58,-34.2253,0.4712,7200,8736,1.2133,177,6.0839,32.4215,5.0831,43804.00,233435.00,11,94
334,-10301.25,-34.3375,0.4696,7200,8633,1.1990,157,6.0518,32.5550,5.0732,43573.00,234396.00,9,70
335,-9999.92,-33.3331,0.4680,7200,8487,1.1787,180,5.9022,31.5703,4.9586,42496.00,227306.00,11,78
336,-10199.45,-33.9982,0.4664,7200,8621,1.1974,167,6.0264,32.2121,5.0625,43390.00,231927.00,8,60
337,-10177.67,-33.9256,0.4648,7200,8639,1.1999,174,6.0082,32.1411,5.0438,43259.00,231416.00,11,75
338,-10235.42,-34.1181,0.4633,7200,8593,1.1935,171,6.0099,32.3351,5.0335,43271.00,232813.00,8,34
339,-10261.67,-34.2056,0.4617,7200,8775,1.2188,153,6.0864,32.4250,5.0983,43822.00,233460.00,11,73
340,-10080.56,-33.6019,0.4601,7200,8488,1.1789,161,5.9235,31.8460,4.9982,42649.00,229291.00,14,136
341,-10173.03,-33.9101,0.4585,7200,8605,1.1951,183,5.9843,32.1211,5.0335,43087.00,231272.00,11,60
342,-10121.71,-33.7390,0.4569,7200,8721,1.2112,176,5.9778,31.9661,5.0350,43040.00,230156.00,7,42
343,-10351.56,-34.5052,0.4553,7200,8697,1.2079,165,6.1110,32.6997,5.1113,43999.00,235438.00,12,55
344,-10084.15,-33.6138,0.4537,7200,8510,1.1819,177,5.9447,31.8332,5.0283,42802.00,229199.00,8,46
345,-10059.43,-33.5314,0.4522,7200,8572,1.1906,186,5.9257,31.7581,4.9876,42665.00,228658.00,11,63
346,-9886.87,-32.9562,0.4506,7200,8524,1.1839,179,5.8353,31.2158,4.9314,42014.00,224754.00,8,49
347,-10162.23,-33.8741,0.4490,7200,8696,1.2078,168,6.0218,32.0907,5.0746,43357.00,231053.00,7,37
348,-10204.12,-34.0137,0.4474,7200,8500,1.1806,167,6.0017,32.2278,5.0444,43212.00,232040.00,11,97
349,-10067.19,-33.5573,0.4458,7200,8659,1.2026,152,5.9475,31.8125,5.0231,42822.00,229050.00,10,89
350,-10121.81,-33.7394,0.4443,7200,8589,1.1929,164,5.9928,31.9614,5.0594,43148.00,230122.00,9,61
351,-10250.66,-34.1689,0.4427,7200,8647,1.2010,173,6.0390,32.3710,5.0879,43481.00,233071.00,12,92
352,-10005.03,-33.3501,0.4411,7200,8608,1.1956,160,5.9501,31.5958,5.0101,42841.00,227490.00,11,104
353,-10241.47,-34.1382,0.4395,7200,8598,1.1942,177,6.0074,32.3456,5.0565,43253.00,232888.00,14,98
354,-10126.31,-33.7544,0.4379,7200,8551,1.1876,170,5.9504,31.9879,5.0010,42843.00,230313.00,8,62
355,-9898.76,-32.9959,0.4363,7200,8619,1.1971,151,5.8639,31.2815,4.9456,42220.00,225227.00,4,23
356,-10167.45,-33.8915,0.4347,7200,8604,1.1950,160,5.9689,32.1325,5.0136,42976.00,231354.00,12,80
357,-10266.14,-34.2205,0.4332,7200,8711,1.2099,175,6.0521,32.4283,5.0582,43575.00,233484.00,8,49
358,-10187.67,-33.9589,0.4316,7200,8641,1.2001,166,6.0310,32.1724,5.0721,43423.00,231641.00,8,48
359,-10343.34,-34.4778,0.4300,7200,8677,1.2051,161,6.0890,32.6793,5.1113,43841.00,235291.00,8,48
360,-9764.26,-32.5475,0.4284,7200,8610,1.1958,142,5.8446,30.8536,4.9046,42081.00,222146.00,11,84
361,-10211.98,-34.0399,0.4268,7200,8684,1.2061,167,6.0235,32.2642,5.0357,43369.00,232302.00,8,45
362,-10002.96,-33.3432,0.4253,7200,8580,1.1917,160,5.8908,31.6126,4.9411,42414.00,227611.00,7,42
363,-10227.85,-34.0928,0.4237,7200,8706,1.2092,165,6.0432,32.3093,5.0724,43511.00,232627.00,11,51
364,-10074.75,-33.5825,0.4221,7200,8603,1.1949,171,5.9376,31.8264,4.9751,42751.00,229150.00,12,73
365,-10045.76,-33.4859,0.4205,7200,8685,1.2063,166,5.9649,31.7275,5.0126,42947.00,228438.00,12,86
366,-10139.34,-33.7978,0.4189,7200,8548,1.1872,153,6.0010,32.0262,5.0599,43207.00,230589.00,10,80
367,-9930.25,-33.1008,0.4173,7200,8493,1.1796,164,5.8351,31.3797,4.8993,42013.00,225934.00,10,85
368,-10101.67,-33.6722,0.4158,7200,8668,1.2039,147,5.9819,31.9256,5.0261,43070.00,229864.00,6,22
369,-10142.73,-33.8091,0.4142,7200,8634,1.1992,154,5.9860,32.0508,5.0332,43099.00,230766.00,11,84
370,-10244.55,-34.1485,0.4126,7200,8642,1.2003,161,6.0429,32.3618,5.0862,43509.00,233005.00,12,112
371,-9987.12,-33.2904,0.4110,7200,8638,1.1997,174,5.9321,31.5329,4.9846,42711.00,227037.00,9,41
372,-10026.43,-33.4214,0.4094,7200,8451,1.1738,185,5.8879,31.6529,4.9640,42393.00,227901.00,9,69
373,-10130.45,-33.7682,0.4078,7200,8695,1.2076,159,6.0154,31.9978,5.0607,43311.00,230384.00,9,52
374,-10205.89,-34.0196,0.4062,7200,8671,1.2043,157,6.0364,32.2447,5.0639,43462.00,232162.00,10,55
375,-9995.02,-33.3167,0.4047,7200,8504,1.1811,169,5.8929,31.5694,4.9512,42429.00,227300.00,9,52
376,-10343.78,-34.4793,0.4031,7200,8706,1.2092,169,6.0907,32.6737,5.1149,43853.00,235251.00,12,106
377,-10112.50,-33.7083,0.4015,7200,8430,1.1708,178,5.9232,31.9315,4.9979,42647.00,229907.00,9,75
378,-9935.03,-33.1168,0.3999,7200,8574,1.1908,171,5.9000,31.3693,4.9594,42480.00,225859.00,9,46
379,-10175.14,-33.9171,0.3983,7200,8539,1.1860,153,5.9733,32.1639,4.9928,43008.00,231580.00,9,88
380,-10038.02,-33.4601,0.3968,7200,8592,1.1933,171,5.9501,31.6936,5.0104,42841.00,228194.00,11,66
381,-9951.60,-33.1720,0.3952,7200,8527,1.1843,163,5.8935,31.4290,4.9671,42433.00,226289.00,9,60
382,-9638.60,-32.1287,0.3936,7200,8517,1.1829,143,5.7636,30.4485,4.8797,41498.00,219229.00,14,121
383,-10130.15,-33.7672,0.3920,7200,8641,1.2001,158,5.9875,32.0072,5.0225,43110.00,230452.00,12,98
384,-10301.41,-34.3380,0.3904,7200,8788,1.2206,158,6.0718,32.5565,5.0971,43717.00,234407.00,12,62
385,-10531.10,-35.1037,0.3888,7200,8661,1.2029,167,6.1606,33.2725,5.1675,44356.00,239562.00,7,47
386,-10067.78,-33.5593,0.3872,7200,8702,1.2086,181,5.9710,31.7838,5.0232,42991.00,228843.00,7,58
387,-9803.75,-32.6792,0.3857,7200,8553,1.1879,178,5.8146,30.9507,4.9076,41865.00,222845.00,6,34
388,-10019.43,-33.3981,0.3841,7200,8643,1.2004,164,5.9313,31.6490,4.9951,42705.00,227873.00,11,76
389,-10138.32,-33.7944,0.3825,7200,8650,1.2014,156,5.9837,32.0369,5.0271,43083.00,230666.00,4,21
390,-10004.78,-33.3493,0.3809,7200,8575,1.1910,160,5.9496,31.5910,5.0193,42837.00,227455.00,12,78
391,-10038.92,-33.4631,0.3793,7200,8526,1.1842,148,5.9224,31.7258,4.9843,42641.00,228426.00,15,121
392,-10001.69,-33.3390,0.3778,7200,8593,1.1935,163,5.9203,31.5876,5.0050,42626.00,227431.00,10,57
393,-9747.56,-32.4919,0.3762,7200,8635,1.1993,150,5.8383,30.7874,4.9325,42036.00,221669.00,9,60
394,-9944.28,-33.1476,0.3746,7200,8645,1.2007,162,5.8876,31.4197,4.9435,42391.00,226222.00,13,95
395,-10455.48,-34.8516,0.3730,7200,8699,1.2082,161,6.1768,33.0224,5.1849,44473.00,237761.00,11,51
396,-10061.59,-33.5386,0.3714,7200,8744,1.2144,161,5.9832,31.7771,5.0557,43079.00,228795.00,11,89
397,-10150.34,-33.8345,0.3698,7200,8680,1.2056,157,6.0126,32.0665,5.0560,43291.00,230879.00,12,58
398,-10155.15,-33.8505,0.3682,7200,8714,1.2103,169,6.0208,32.0696,5.0644,43350.00,230901.00,9,81
399,-9940.11,-33.1337,0.3667,7200,8643,1.2004,154,5.9104,31.4029,4.9746,42555.00,226101.00,8,61
400,-9908.98,-33.0299,0.3651,7200,8548,1.1872,162,5.8792,31.2886,4.9856,42330.00,225278.00,9,64
401,-10071.30,-33.5710,0.3635,7200,8719,1.2110,149,5.9542,31.8397,4.9847,42870.00,229246.00,7,42
402,-10105.05,-33.6835,0.3619,7200,8595,1.1938,157,5.9622,31.9278,5.0158,42928.00,229880.00,8,57
403,-10261.99,-34.2066,0.3603,7200,8674,1.2047,171,6.0651,32.4097,5.0762,43669.00,233350.00,9,53
404,-10337.59,-34.4586,0.3588,7200,8766,1.2175,174,6.1117,32.6483,5.1136,44004.00,235068.00,10,48
405,-10189.48,-33.9649,0.3572,7200,8692,1.2072,153,6.0428,32.1889,5.0906,43508.00,231760.00,7,23
406,-10161.04,-33.8701,0.3556,7200,8576,1.1911,165,6.0026,32.0954,5.0237,43219.00,231087.00,11,63
407,-9933.90,-33.1130,0.3540,7200,8553,1.1879,146,5.8937,31.3875,4.9735,42435.00,225990.00,13,96
408,-9779.53,-32.5984,0.3524,7200,8445,1.1729,173,5.8118,30.8681,4.9074,41845.00,222250.00,14,76
409,-10081.02,-33.6034,0.3508,7200,8616,1.1967,157,5.9394,31.8572,4.9981,42764.00,229372.00,10,84
410,-9995.91,-33.3197,0.3493,7200,8572,1.1906,145,5.9290,31.5879,4.9813,42689.00,227433.00,13,88
411,-9933.92,-33.1131,0.3477,7200,8658,1.2025,149,5.9279,31.3829,4.9840,42681.00,225957.00,5,47
412,-10076.42,-33.5881,0.3461,7200,8603,1.1949,146,5.9586,31.8453,5.0125,42902.00,229286.00,13,88
413,-10180.88,-33.9363,0.3445,7200,8718,1.2108,166,6.0213,32.1587,5.0635,43353.00,231543.00,10,83
414,-10136.47,-33.7882,0.3429,7200,8596,1.1939,150,5.9890,32.0282,5.0460,43121.00,230603.00,16,142
415,-10161.55,-33.8718,0.3413,7200,8656,1.2022,163,6.0240,32.0969,5.0410,43373.00,231098.00,10,59
416,-10332.08,-34.4403,0.3397,7200,8763,1.2171,146,6.1114,32.6576,5.1144,44002.00,235135.00,8,52
417,-9857.42,-32.8581,0.3382,7200,8538,1.1858,145,5.8529,31.1454,4.9499,42141.00,224247.00,16,140
418,-9583.26,-31.9442,0.3366,7200,8490,1.1792,144,5.6906,30.2925,4.7958,40972.00,218106.00,8,61
419,-9864.47,-32.8816,0.3350,7200,8620,1.1972,159,5.8774,31.1556,4.9507,42317.00,224320.00,13,96
420,-9980.29,-33.2676,0.3334,7200,8610,1.1958,163,5.9074,31.5303,4.9540,42533.00,227018.00,8,42
421,-9928.66,-33.0955,0.3318,7200,8572,1.1906,153,5.8811,31.3721,4.9475,42344.00,225879.00,11,86
422,-9801.20,-32.6707,0.3303,7200,8595,1.1938,172,5.8497,30.9387,4.9342,42118.00,222759.00,8,53
423,-10088.87,-33.6296,0.3287,7200,8780,1.2194,170,6.0306,31.8467,5.0825,43420.00,229296.00,10,56
424,-9815.67,-32.7189,0.3271,7200,8562,1.1892,148,5.8379,31.0196,4.8915,42033.00,223341.00,11,80
425,-9857.62,-32.8587,0.3255,7200,8633,1.1990,138,5.8999,31.1460,4.9715,42479.00,224251.00,6,44
426,-10213.31,-34.0444,0.3239,7200,8728,1.2122,156,6.0606,32.2660,5.0819,43636.00,232315.00,9,57
427,-9975.20,-33.2507,0.3223,7200,8571,1.1904,143,5.9483,31.5104,5.0139,42828.00,226875.00,10,47
428,-10114.03,-33.7134,0.3207,7200,8660,1.2028,157,5.9886,31.9489,5.0561,43118.00,230032.00,10,72
429,-10410.90,-34.7030,0.3192,7200,8726,1.2119,170,6.1328,32.8843,5.1406,44156.00,236767.00,8,36
430,-9937.27,-33.1242,0.3176,7200,8562,1.1892,147,5.9004,31.3947,4.9851,42483.00,226042.00,11,78
431,-10134.37,-33.7812,0.3160,7200,8730,1.2125,163,6.0026,32.0147,5.0462,43219.00,230506.00,15,112
432,-10014.27,-33.3809,0.3144,7200,8650,1.2014,144,5.9539,31.6460,5.0042,42868.00,227851.00,11,99
433,-10326.65,-34.4222,0.3128,7200,8701,1.2085,160,6.0968,32.6204,5.1332,43897.00,234867.00,10,59
434,-9963.46,-33.2115,0.3113,7200,8615,1.1965,135,5.9374,31.4840,5.0165,42749.00,226685.00,6,43
435,-9735.19,-32.4506,0.3097,7200,8499,1.1804,149,5.7776,30.7575,4.8940,41599.00,221454.00,9,71
436,-9866.30,-32.8877,0.3081,7200,8596,1.1939,154,5.8576,31.1683,4.9538,42175.00,224412.00,13,133
437,-9949.27,-33.1642,0.3065,7200,8557,1.1885,147,5.8993,31.4354,4.9810,42475.00,226335.00,7,47
438,-10085.76,-33.6192,0.3049,7200,8635,1.1993,158,5.9849,31.8601,5.0187,43091.00,229393.00,11,92
439,-10060.68,-33.5356,0.3033,7200,8698,1.2081,175,5.9519,31.7710,5.0164,42854.00,228751.00,13,78
440,-9877.48,-32.9249,0.3017,7200,8546,1.1869,143,5.8947,31.2021,4.9719,42442.00,224655.00,12,90
441,-9711.17,-32.3706,0.3002,7200,8435,1.1715,144,5.7889,30.6756,4.8950,41680.00,220864.00,6,32
442,-10221.19,-34.0706,0.2986,7200,8794,1.2214,167,6.0819,32.2767,5.1064,43790.00,232392.00,13,77
443,-9905.11,-33.0170,0.2970,7200,8675,1.2049,165,5.9318,31.2629,5.0260,42709.00,225093.00,16,99
444,-10008.21,-33.3607,0.2954,7200,8618,1.1969,161,5.9257,31.6222,4.9540,42665.00,227680.00,12,90
445,-9888.14,-32.9605,0.2938,7200,8627,1.1982,167,5.8731,31.2289,4.9453,42286.00,224848.00,12,78
446,-9688.58,-32.2953,0.2923,7200,8507,1.1815,150,5.7894,30.6004,4.8886,41684.00,220323.00,14,82
447,-10055.75,-33.5192,0.2907,7200,8713,1.2101,142,5.9832,31.7764,5.0460,43079.00,228790.00,11,85
448,-9749.30,-32.4977,0.2891,7200,8528,1.1844,149,5.7988,30.8011,4.9001,41751.00,221768.00,12,77
449,-9640.15,-32.1338,0.2875,7200,8551,1.1876,144,5.7354,30.4693,4.8362,41295.00,219379.00,7,58
450,-10174.30,-33.9143,0.2859,7200,8651,1.2015,166,6.0332,32.1304,5.0601,43439.00,231339.00,8,71
451,-10306.65,-34.3555,0.2843,7200,8701,1.2085,165,6.0738,32.5651,5.0743,43731.00,234469.00,14,96
452,-9768.63,-32.5621,0.2828,7200,8616,1.1967,134,5.8119,30.8853,4.8939,41846.00,222374.00,7,64
453,-10091.81,-33.6394,0.2812,7200,8551,1.1876,137,5.9719,31.9004,5.0069,42998.00,229683.00,14,108
454,-10303.87,-34.3462,0.2796,7200,8663,1.2032,154,6.0893,32.5578,5.0910,43843.00,234416.00,10,61
455,-9920.21,-33.0674,0.2780,7200,8587,1.1926,148,5.9015,31.3396,4.9790,42491.00,225645.00,10,85
456,-10233.59,-34.1120,0.2764,7200,8723,1.2115,144,6.0563,32.3494,5.0651,43605.00,232916.00,10,75
457,-9857.84,-32.8595,0.2748,7200,8576,1.1911,155,5.8662,31.1385,4.9415,42237.00,224197.00,11,79
458,-9870.34,-32.9011,0.2732,7200,8548,1.1872,169,5.8594,31.1701,4.9186,42188.00,224425.00,12,67
459,-10184.47,-33.9482,0.2717,7200,8664,1.2033,154,6.0229,32.1765,5.0740,43365.00,231671.00,4,19
460,-10012.85,-33.3762,0.2701,7200,8620,1.1972,136,5.9286,31.6575,4.9778,42686.00,227934.00,16,125
461,-10115.09,-33.7170,0.2685,7200,8583,1.1921,142,5.9736,31.9739,5.0119,43010.00,230212.00,12,104
462,-9861.83,-32.8728,0.2669,7200,8582,1.1919,131,5.8539,31.1817,4.9264,42148.00,224508.00,10,79
463,-10118.70,-33.7290,0.2653,7200,8733,1.2129,150,6.0004,31.9785,5.0346,43203.00,230245.00,12,97
464,-10122.38,-33.7413,0.2638,7200,8662,1.2031,133,6.0031,31.9956,5.0681,43222.00,230368.00,9,56
465,-9836.61,-32.7887,0.2622,7200,8599,1.1943,145,5.8357,31.0918,4.9096,42017.00,223861.00,13,90
466,-10003.15,-33.3438,0.2606,7200,8532,1.1850,142,5.9278,31.6147,4.9703,42680.00,227626.00,11,76
467,-10097.55,-33.6585,0.2590,7200,8592,1.1933,145,5.9718,31.9111,5.0235,42997.00,229760.00,11,84
468,-10178.25,-33.9275,0.2574,7200,8750,1.2153,153,6.0581,32.1543,5.0811,43618.00,231511.00,10,95
469,-10126.22,-33.7541,0.2558,7200,8701,1.2085,129,5.9844,32.0218,5.0531,43088.00,230557.00,9,76
470,-9799.77,-32.6659,0.2542,7200,8542,1.1864,138,5.8278,30.9726,4.9144,41960.00,223003.00,12,88
471,-9941.60,-33.1387,0.2527,7200,8659,1.2026,136,5.9150,31.4329,4.9403,42588.00,226317.00,9,69
472,-10070.13,-33.5671,0.2511,7200,8636,1.1994,139,5.9607,31.8378,4.9896,42917.00,229232.00,17,125
473,-9960.95,-33.2032,0.2495,7200,8621,1.1974,125,5.9164,31.4962,4.9867,42598.00,226773.00,10,90
474,-10382.65,-34.6088,0.2479,7200,8736,1.2133,139,6.1235,32.8264,5.1271,44089.00,236350.00,6,42
475,-10018.90,-33.3963,0.2463,7200,8687,1.2065,143,5.9432,31.6668,5.0057,42791.00,228001.00,9,71
476,-10008.77,-33.3626,0.2448,7200,8657,1.2024,121,5.9268,31.6668,4.9529,42673.00,228001.00,8,55
477,-10543.57,-35.1452,0.2432,7200,8864,1.2311,125,6.2479,33.3435,5.2138,44985.00,240073.00,10,59
478,-10160.85,-33.8695,0.2416,7200,8735,1.2132,132,6.0171,32.1333,5.0368,43323.00,231360.00,10,64
479,-10216.52,-34.0551,0.2400,7200,8729,1.2124,136,6.0390,32.3062,5.0560,43481.00,232605.00,11,76
480,-9960.92,-33.2031,0.2384,7200,8531,1.1849,144,5.9261,31.4656,5.0036,42668.00,226552.00,10,93
481,-9874.02,-32.9134,0.2368,7200,8560,1.1889,155,5.8629,31.1925,4.9387,42213.00,224586.00,9,63
482,-10266.32,-34.2211,0.2352,7200,8749,1.2151,148,6.0953,32.4346,5.1350,43886.00,233529.00,10,49
483,-9938.82,-33.1294,0.2337,7200,8644,1.2006,153,5.9089,31.4046,4.9517,42544.00,226113.00,15,106
484,-9926.67,-33.0889,0.2321,7200,8568,1.1900,155,5.8747,31.3625,4.9572,42298.00,225810.00,15,126
485,-9778.24,-32.5941,0.2305,7200,8572,1.1906,138,5.8490,30.8985,4.9157,42113.00,222469.00,10,74
486,-9843.10,-32.8103,0.2289,7200,8531,1.1849,132,5.8493,31.1172,4.9185,42115.00,224044.00,9,56
487,-9822.27,-32.7409,0.2273,7200,8629,1.1985,142,5.8792,31.0279,4.9719,42330.00,223401.00,9,74
488,-10367.75,-34.5592,0.2258,7200,8737,1.2135,143,6.1575,32.7568,5.1731,44334.00,235849.00,6,53
489,-9826.05,-32.7535,0.2242,7200,8609,1.1957,145,5.8557,31.0526,4.9129,42161.00,223579.00,11,91
490,-9770.27,-32.5676,0.2226,7200,8491,1.1793,140,5.7989,30.8831,4.8719,41752.00,222358.00,8,60
491,-10514.06,-35.0469,0.2210,7200,8813,1.2240,158,6.1975,33.2289,5.1625,44622.00,239248.00,12,97
492,-10219.83,-34.0661,0.2194,7200,8754,1.2158,134,6.0668,32.3110,5.0785,43681.00,232639.00,11,118
493,-9957.32,-33.1911,0.2178,7200,8549,1.1874,137,5.9072,31.4710,4.9767,42532.00,226591.00,9,80
494,-9848.87,-32.8296,0.2163,7200,8708,1.2094,152,5.8767,31.1189,4.9403,42312.00,224056.00,5,32
495,-9738.09,-32.4603,0.2147,7200,8616,1.1967,140,5.8633,30.7571,4.9444,42216.00,221451.00,9,67
496,-10033.10,-33.4437,0.2131,7200,8686,1.2064,142,5.9585,31.7076,5.0276,42901.00,228295.00,11,49
497,-10010.70,-33.3690,0.2115,7200,8623,1.1976,121,5.9692,31.6489,5.0206,42978.00,227872.00,9,56
498,-9853.44,-32.8448,0.2099,7200,8578,1.1914,163,5.8836,31.1100,4.9539,42362.00,223992.00,10,70
499,-9796.15,-32.6538,0.2083,7200,8571,1.1904,156,5.8479,30.9367,4.9340,42105.00,222744.00,10,71
500,-9799.60,-32.6653,0.2067,7200,8533,1.1851,141,5.8297,30.9668,4.9208,41974.00,222961.00,14,113
501,-10155.24,-33.8508,0.2052,7200,8724,1.2117,115,6.0265,32.1260,5.0518,43391.00,231307.00,8,85
502,-9882.32,-32.9411,0.2036,7200,8585,1.1924,145,5.9024,31.2157,4.9804,42497.00,224753.00,8,75
503,-10081.79,-33.6060,0.2020,7200,8625,1.1979,143,5.9779,31.8685,4.9893,43041.00,229453.00,8,61
504,-9918.01,-33.0600,0.2004,7200,8696,1.2078,141,5.9111,31.3457,4.9750,42560.00,225689.00,12,73
505,-10406.76,-34.6892,0.1988,7200,8817,1.2246,129,6.1822,32.9036,5.1622,44512.00,236906.00,7,41
506,-9968.27,-33.2276,0.1973,7200,8726,1.2119,145,5.9867,31.4799,5.0567,43104.00,226655.00,16,109
507,-9915.27,-33.0509,0.1957,7200,8527,1.1843,131,5.8775,31.3378,4.9939,42318.00,225632.00,9,59
508,-9801.39,-32.6713,0.1941,7200,8645,1.2007,148,5.8811,30.9565,4.9544,42344.00,222887.00,7,47
509,-10093.62,-33.6454,0.1925,7200,8641,1.2001,124,6.0051,31.9124,5.0404,43237.00,229769.00,7,73
510,-9857.98,-32.8599,0.1909,7200,8481,1.1779,143,5.8526,31.1475,4.9393,42139.00,224262.00,8,64
511,-9681.46,-32.2715,0.1893,7200,8540,1.1861,135,5.7643,30.6068,4.8496,41503.00,220369.00,12,106
512,-10057.04,-33.5235,0.1877,7200,8546,1.1869,141,5.9331,31.7861,5.0161,42718.00,228860.00,14,93
513,-10048.41,-33.4947,0.1862,7200,8714,1.2103,127,5.9737,31.7711,5.0349,43011.00,228752.00,9,45
514,-10038.28,-33.4609,0.1846,7200,8548,1.1872,138,5.9565,31.7264,4.9943,42887.00,228430.00,8,43
515,-9863.79,-32.8793,0.1830,7200,8537,1.1857,121,5.8760,31.1818,4.9707,42307.00,224509.00,15,96
516,-9688.11,-32.2937,0.1814,7200,8619,1.1971,138,5.7993,30.6171,4.8865,41755.00,220443.00,10,59
517,-9849.83,-32.8328,0.1798,7200,8576,1.1911,143,5.8794,31.1192,4.9514,42332.00,224058.00,8,57
518,-9845.22,-32.8174,0.1783,7200,8595,1.1938,124,5.8754,31.1219,4.9662,42303.00,224078.00,6,30
519,-10070.92,-33.5697,0.1767,7200,8771,1.2182,151,6.0021,31.8181,5.0468,43215.00,229090.00,11,78
520,-9969.82,-33.2327,0.1751,7200,8739,1.2138,133,5.9701,31.5119,5.0032,42985.00,226886.00,10,75
521,-10245.46,-34.1515,0.1735,7200,8683,1.2060,125,6.0721,32.4004,5.0735,43719.00,233283.00,11,72
522,-10067.61,-33.5587,0.1719,7200,8780,1.2194,125,5.9737,31.8468,5.0093,43011.00,229297.00,7,57
523,-9805.77,-32.6859,0.1703,7200,8615,1.1965,131,5.8615,30.9933,4.9376,42203.00,223152.00,7,41
524,-10077.94,-33.5931,0.1688,7200,8695,1.2076,124,5.9844,31.8756,5.0025,43088.00,229504.00,10,63
525,-9917.58,-33.0586,0.1672,7200,8630,1.1986,141,5.9332,31.3313,4.9951,42719.00,225585.00,7,44
526,-9793.45,-32.6448,0.1656,7200,8645,1.2007,128,5.8690,30.9524,4.9551,42257.00,222857.00,7,50
527,-9813.69,-32.7123,0.1640,7200,8625,1.1979,147,5.8815,30.9974,4.9529,42347.00,223181.00,6,28
528,-9985.46,-33.2849,0.1624,7200,8627,1.1982,138,5.9286,31.5579,5.0117,42686.00,227217.00,10,63
529,-10312.29,-34.3743,0.1608,7200,8766,1.2175,133,6.1199,32.6006,5.1276,44063.00,234724.00,11,91
530,-10244.68,-34.1489,0.1593,7200,8687,1.2065,135,6.0657,32.3876,5.0821,43673.00,233191.00,13,115
531,-9702.26,-32.3409,0.1577,7200,8562,1.1892,126,5.7900,30.6778,4.8683,41688.00,220880.00,11,78
532,-9953.81,-33.1794,0.1561,7200,8589,1.1929,135,5.8933,31.4731,4.9456,42432.00,226606.00,9,50
533,-10352.29,-34.5076,0.1545,7200,8706,1.2092,136,6.1275,32.7256,5.1258,44118.00,235624.00,10,67
534,-10043.18,-33.4773,0.1529,7200,8747,1.2149,135,5.9307,31.7724,4.9560,42701.00,228761.00,11,87
535,-10034.65,-33.4488,0.1513,7200,8699,1.2082,148,5.9538,31.7158,4.9918,42867.00,228354.00,6,48
536,-10352.32,-34.5077,0.1498,7200,8709,1.2096,134,6.1228,32.7318,5.1108,44084.00,235669.00,9,63
537,-10368.19,-34.5606,0.1482,7200,8770,1.2181,133,6.1306,32.7808,5.1486,44140.00,236022.00,10,80
538,-9845.09,-32.8170,0.1466,7200,8559,1.1887,125,5.8807,31.1189,4.9565,42341.00,224056.00,10,47
539,-9666.02,-32.2201,0.1450,7200,8618,1.1969,132,5.8136,30.5406,4.9164,41858.00,219892.00,12,75
540,-9899.18,-32.9973,0.1434,7200,8522,1.1836,125,5.8656,31.3051,4.9292,42232.00,225397.00,13,88
541,-10078.66,-33.5955,0.1418,7200,8652,1.2017,122,5.9911,31.8663,5.0494,43136.00,229437.00,13,113
542,-10360.22,-34.5341,0.1402,7200,8805,1.2229,114,6.1769,32.7582,5.1897,44474.00,235859.00,9,56
543,-10088.05,-33.6268,0.1387,7200,8601,1.1946,126,5.9872,31.8931,5.0381,43108.00,229630.00,8,34
544,-9889.14,-32.9638,0.1371,7200,8654,1.2019,116,5.9251,31.2717,4.9604,42661.00,225156.00,8,47
545,-9837.90,-32.7930,0.1355,7200,8625,1.1979,115,5.8514,31.1271,4.8981,42130.00,224115.00,9,47
546,-10019.10,-33.3970,0.1339,7200,8671,1.2043,129,5.9486,31.6801,5.0014,42830.00,228097.00,11,78
547,-9936.27,-33.1209,0.1323,7200,8648,1.2011,137,5.9449,31.3922,5.0163,42803.00,226024.00,8,52
548,-10294.23,-34.3141,0.1308,7200,8720,1.2111,130,6.1143,32.5433,5.1174,44023.00,234312.00,10,66
549,-9895.51,-32.9850,0.1292,7200,8570,1.1903,118,5.8958,31.2925,4.9525,42450.00,225306.00,10,65
550,-9903.39,-33.0113,0.1276,7200,8684,1.2061,123,5.9079,31.3143,4.9774,42537.00,225463.00,10,100
551,-10047.90,-33.4930,0.1260,7200,8615,1.1965,125,5.9818,31.7676,5.0113,43069.00,228727.00,13,99
552,-10101.90,-33.6730,0.1244,7200,8581,1.1918,122,6.0024,31.9378,5.0432,43217.00,229952.00,8,57
553,-9915.95,-33.0532,0.1228,7200,8633,1.1990,107,5.9158,31.3640,4.9925,42594.00,225821.00,14,71
554,-10109.57,-33.6986,0.1212,7200,8740,1.2139,130,5.9947,31.9758,5.0036,43162.00,230226.00,9,63
555,-10270.71,-34.2357,0.1197,7200,8794,1.2214,125,6.1290,32.4711,5.1224,44129.00,233792.00,9,69
556,-9802.18,-32.6739,0.1181,7200,8592,1.1933,129,5.8446,30.9921,4.9029,42081.00,223143.00,9,49
557,-10001.85,-33.3395,0.1165,7200,8600,1.1944,129,5.9201,31.6275,4.9810,42625.00,227718.00,12,83
558,-9906.52,-33.0217,0.1149,7200,8673,1.2046,104,5.9318,31.3357,4.9899,42709.00,225617.00,11,62
559,-9756.23,-32.5208,0.1133,7200,8594,1.1936,123,5.8419,30.8419,4.9211,42062.00,222062.00,9,60
560,-9881.90,-32.9397,0.1118,7200,8609,1.1957,117,5.8774,31.2624,4.9135,42317.00,225089.00,15,107
561,-9850.89,-32.8363,0.1102,7200,8590,1.1931,128,5.8644,31.1419,4.9500,42224.00,224222.00,19,151
562,-9819.88,-32.7329,0.1086,7200,8597,1.1940,137,5.8782,31.0267,4.9532,42323.00,223392.00,8,47
563,-10043.50,-33.4783,0.1070,7200,8668,1.2039,112,6.0100,31.7583,5.0397,43272.00,228660.00,7,37
564,-9610.21,-32.0340,0.1054,7200,8428,1.1706,108,5.7385,30.3949,4.8438,41317.00,218843.00,13,110
565,-9851.12,-32.8371,0.1038,7200,8682,1.2058,120,5.9089,31.1363,5.0097,42544.00,224181.00,10,58
566,-9587.77,-31.9592,0.1023,7200,8430,1.1708,130,5.7144,30.3064,4.8269,41144.00,218206.00,9,73
567,-10157.46,-33.8582,0.1007,7200,8755,1.2160,124,6.0586,32.1132,5.0864,43622.00,231215.00,12,88
568,-9628.83,-32.0961,0.0991,7200,8528,1.1844,118,5.7882,30.4285,4.9210,41675.00,219085.00,13,80
569,-9918.29,-33.0610,0.0975,7200,8653,1.2018,100,5.9204,31.3796,4.9910,42627.00,225933.00,8,40
570,-10106.05,-33.6868,0.0959,7200,8655,1.2021,120,6.0539,31.9394,5.0883,43588.00,229964.00,8,70
571,-9659.41,-32.1980,0.0943,7200,8453,1.1740,137,5.7494,30.5292,4.8450,41396.00,219810.00,8,52
572,-10197.74,-33.9925,0.0927,7200,8657,1.2024,115,6.0438,32.2565,5.0668,43515.00,232247.00,15,123
573,-9746.65,-32.4888,0.0912,7200,8577,1.1912,120,5.8381,30.8124,4.9225,42034.00,221849.00,15,98
574,-9929.42,-33.0981,0.0896,7200,8547,1.1871,120,5.9344,31.3861,4.9931,42728.00,225980.00,7,44
575,-9974.42,-33.2481,0.0880,7200,8656,1.2022,119,5.9387,31.5483,4.9704,42759.00,227148.00,11,69
576,-10237.54,-34.1251,0.0864,7200,8726,1.2119,107,6.1204,32.3683,5.1585,44067.00,233052.00,6,50
577,-9912.27,-33.0409,0.0848,7200,8734,1.2131,118,5.9336,31.3376,5.0253,42722.00,225631.00,11,82
578,-9876.88,-32.9229,0.0833,7200,8576,1.1911,110,5.9065,31.2381,4.9457,42527.00,224914.00,8,57
579,-9708.58,-32.3619,0.0817,7200,8540,1.1861,96,5.7879,30.7260,4.8771,41673.00,221227.00,8,50
580,-9924.83,-33.0828,0.0801,7200,8570,1.1903,114,5.9232,31.3867,4.9629,42647.00,225984.00,8,52
581,-9725.83,-32.4194,0.0785,7200,8625,1.1979,107,5.8515,30.7567,4.9221,42131.00,221448.00,10,79
582,-9766.88,-32.5563,0.0769,7200,8594,1.1936,121,5.8560,30.8751,4.9287,42163.00,222301.00,13,80
583,-10042.23,-33.4741,0.0753,7200,8655,1.2021,104,5.9951,31.7651,5.0349,43165.00,228709.00,13,90
584,-9563.28,-31.8776,0.0737,7200,8660,1.2028,111,5.7582,30.2450,4.8568,41459.00,217764.00,7,39
585,-9887.75,-32.9592,0.0722,7200,8559,1.1887,114,5.8806,31.2690,4.9719,42340.00,225137.00,10,79
586,-9958.95,-33.1965,0.0706,7200,8687,1.2065,111,5.9528,31.5067,4.9578,42860.00,226848.00,14,117
587,-9992.37,-33.3079,0.0690,7200,8705,1.2090,117,5.9931,31.5943,5.0125,43150.00,227479.00,7,62
588,-9968.29,-33.2276,0.0674,7200,8643,1.2004,125,5.9367,31.5194,4.9803,42744.00,226940.00,7,35
589,-9859.90,-32.8663,0.0658,7200,8610,1.1958,119,5.9018,31.1710,4.9696,42493.00,224431.00,8,51
590,-9779.62,-32.5987,0.0643,7200,8570,1.1903,130,5.8264,30.9214,4.8861,41950.00,222634.00,8,44
591,-9720.65,-32.4022,0.0627,7200,8543,1.1865,113,5.8171,30.7396,4.8971,41883.00,221325.00,9,70
592,-9567.12,-31.8904,0.0611,7200,8611,1.1960,110,5.7558,30.2578,4.8472,41442.00,217856.00,9,56
593,-9869.00,-32.8967,0.0595,7200,8696,1.2078,116,5.8854,31.2208,4.9332,42375.00,224790.00,6,37
594,-10265.52,-34.2184,0.0579,7200,8895,1.2354,123,6.1111,32.4675,5.1169,44000.00,233766.00,9,46
595,-10020.72,-33.4024,0.0563,7200,8701,1.2085,116,5.9593,31.6943,5.0224,42907.00,228199.00,8,38
596,-9708.12,-32.3604,0.0547,7200,8503,1.1810,115,5.7811,30.7081,4.8581,41624.00,221098.00,9,66
597,-9807.32,-32.6911,0.0532,7200,8530,1.1847,108,5.8558,31.0162,4.9400,42162.00,223317.00,11,90
598,-10062.08,-33.5403,0.0516,7200,8738,1.2136,97,6.0269,31.8299,5.0742,43394.00,229175.00,10,72
599,-9818.40,-32.7280,0.0500,7200,8681,1.2057,108,5.8688,31.0621,4.9351,42255.00,223647.00,11,103
